n,total seconds,nanoseconds/message,messages/second
10,6.175041198730469e-05,6.175041198730469,161942
100,0.0004048347473144531,4.048347473144531,247014
1000,0.004221200942993164,4.221200942993164,236899
10000,0.03594803810119629,3.594803810119629,278179
100000,0.3696460723876953,3.696460723876953,270529
1000000,3.825835943222046,3.825835943222046,261380
