n,total seconds,nanoseconds/message,messages/second
10,0.016659975051879883,1665.9975051879883,600
100,0.1072080135345459,1072.080135345459,932
1000,1.0311028957366943,1031.1028957366943,969
10000,10.172906875610352,1017.2906875610352,983
