n,total seconds,nanoseconds/message,messages/second
10,4.696846008300781e-05,4.696846008300781,212908
100,0.00035691261291503906,3.5691261291503906,280180
1000,0.003676891326904297,3.676891326904297,271968
10000,0.03824734687805176,3.824734687805176,261456
100000,0.3704540729522705,3.704540729522705,269938
1000000,3.643095016479492,3.643095016479492,274491
