n,total seconds,nanoseconds/message,messages/second
10,0.012188911437988281,1218.8911437988281,820
100,0.09432005882263184,943.2005882263184,1060
1000,0.9134941101074219,913.4941101074219,1094
10000,9.5369131565094,953.6913156509399,1048
