n,total seconds,nanoseconds/message,messages/second
10,7.987022399902344e-05,7.987022399902344,125203
100,0.0004191398620605469,4.191398620605469,238583
1000,0.004643917083740234,4.643917083740234,215335
10000,0.039362192153930664,3.9362192153930664,254050
100000,0.39969611167907715,3.9969611167907715,250190
1000000,4.200153827667236,4.200153827667236,238086
