n,total seconds,nanoseconds/message,messages/second
10,4.792213439941406e-05,4.792213439941406,208671
100,0.0003719329833984375,3.719329833984375,268865
1000,0.004204750061035156,4.204750061035156,237826
10000,0.03839993476867676,3.839993476867676,260417
100000,0.370028018951416,3.70028018951416,270249
1000000,3.8219010829925537,3.8219010829925537,261649
