n,total seconds,nanoseconds/message,messages/second
10,6.079673767089844e-05,6.079673767089844,164482
100,0.0003848075866699219,3.8480758666992188,259870
1000,0.004029989242553711,4.029989242553711,248139
10000,0.034628868103027344,3.4628868103027344,288776
100000,0.34246087074279785,3.4246087074279785,292004
1000000,3.69122314453125,3.69122314453125,270912
