n,total seconds,nanoseconds/message,messages/second
10,4.100799560546875e-05,4.100799560546875,243854
100,0.0003490447998046875,3.490447998046875,286496
1000,0.002877950668334961,2.877950668334961,347469
10000,0.031732797622680664,3.1732797622680664,315131
100000,0.3008551597595215,3.008551597595215,332385
1000000,3.0123250484466553,3.0123250484466553,331969
