n,total seconds,nanoseconds/message,messages/second
10,0.011862039566040039,1186.203956604004,843
100,0.09659123420715332,965.9123420715332,1035
1000,0.9641721248626709,964.1721248626709,1037
10000,10.168848752975464,1016.8848752975464,983
