n,total seconds,nanoseconds/message,messages/second
10,0.003787994384765625,378.7994384765625,2639
100,0.014017105102539062,140.17105102539062,7134
1000,0.1030731201171875,103.0731201171875,9701
10000,0.9284288883209229,92.84288883209229,10770
100000,9.761476755142212,97.61476755142212,10244
