n,total seconds,nanoseconds/message,messages/second
10,0.010186195373535156,1018.6195373535156,981
100,0.016413211822509766,164.13211822509766,6092
1000,0.10027122497558594,100.27122497558594,9972
10000,0.9297709465026855,92.97709465026855,10755
100000,9.001787900924683,90.01787900924683,11108
