n,total seconds,nanoseconds/message,messages/second
10,0.016590118408203125,1659.0118408203125,602
100,0.11002230644226074,1100.2230644226074,908
1000,1.0252902507781982,1025.2902507781982,975
10000,10.121752977371216,1012.1752977371216,987
