n,total seconds,nanoseconds/message,messages/second
10,0.007074117660522461,707.4117660522461,1413
100,0.014322996139526367,143.22996139526367,6981
1000,0.09866714477539062,98.66714477539062,10135
10000,0.9201931953430176,92.01931953430176,10867
100000,8.83718490600586,88.3718490600586,11315
