n,total seconds,nanoseconds/message,messages/second
10,0.009365081787109375,936.5081787109375,1067
100,0.017906904220581055,179.06904220581055,5584
1000,0.09958338737487793,99.58338737487793,10041
10000,0.924370288848877,92.4370288848877,10818
100000,8.987605810165405,89.87605810165405,11126
