n,total seconds,nanoseconds/message,messages/second
10,0.01803898811340332,1803.898811340332,554
100,0.11108016967773438,1110.8016967773438,900
1000,1.02927827835083,1029.27827835083,971
10000,10.549831867218018,1054.9831867218018,947
