n,total seconds,nanoseconds/message,messages/second
10,0.0023162364959716797,231.62364959716797,4317
100,0.010955810546875,109.55810546875,9127
1000,0.09705209732055664,97.05209732055664,10303
10000,0.9525136947631836,95.25136947631836,10498
100000,9.347943782806396,93.47943782806396,10697
