n,total seconds,nanoseconds/message,messages/second
10,3.910064697265625e-05,3.910064697265625,255750
100,0.000308990478515625,3.08990478515625,323634
1000,0.0029058456420898438,2.9058456420898438,344133
10000,0.0318300724029541,3.18300724029541,314168
100000,0.3065979480743408,3.065979480743408,326160
1000000,3.113131046295166,3.113131046295166,321220
