n,total seconds,nanoseconds/message,messages/second
10,0.016610145568847656,1661.0145568847656,602
100,0.10922694206237793,1092.2694206237793,915
1000,1.046487808227539,1046.487808227539,955
10000,10.986873149871826,1098.6873149871826,910
