n,total seconds,nanoseconds/message,messages/second
10,0.007355928421020508,735.5928421020508,1359
100,0.015706777572631836,157.06777572631836,6366
1000,0.09700989723205566,97.00989723205566,10308
10000,0.8898630142211914,88.98630142211914,11237
