n,total seconds,nanoseconds/message,messages/second
10,0.009401082992553711,940.1082992553711,1063
100,0.017656803131103516,176.56803131103516,5663
1000,0.1023261547088623,102.3261547088623,9772
10000,0.9033060073852539,90.33060073852539,11070
