n,total seconds,nanoseconds/message,messages/second
10,0.011365890502929688,1136.5890502929688,879
100,0.09316778182983398,931.6778182983398,1073
1000,0.9221177101135254,922.1177101135254,1084
10000,9.092406034469604,909.2406034469604,1099
