n,total seconds,nanoseconds/message,messages/second
10,0.01196908950805664,1196.908950805664,835
100,0.09236383438110352,923.6383438110352,1082
1000,0.9270620346069336,927.0620346069336,1078
10000,9.132454872131348,913.2454872131348,1094
