n,total seconds,nanoseconds/message,messages/second
10,0.018054962158203125,1805.4962158203125,553
100,0.1099860668182373,1099.860668182373,909
1000,0.9994111061096191,999.4111061096191,1000
10000,10.016633033752441,1001.6633033752441,998
