n,total seconds,nanoseconds/message,messages/second
10,2.8848648071289062e-05,2.8848648071289062,346636
100,0.00017690658569335938,1.7690658569335938,565270
1000,0.0017962455749511719,1.7962455749511719,556716
10000,0.01898670196533203,1.8986701965332031,526684
100000,0.18698596954345703,1.8698596954345703,534799
1000000,1.8486557006835938,1.8486557006835938,540933
