n,total seconds,nanoseconds/message,messages/second
10,3.0040740966796875e-05,3.0040740966796875,332881
100,0.00017881393432617188,1.7881393432617188,559240
1000,0.0017957687377929688,1.7957687377929688,556864
10000,0.019804000854492188,1.9804000854492188,504948
100000,0.18276524543762207,1.8276524543762207,547149
1000000,1.8099660873413086,1.8099660873413086,552496
