n,total seconds,nanoseconds/message,messages/second
10,3.4809112548828125e-05,3.4809112548828125,287281
100,0.00017571449279785156,1.7571449279785156,569105
1000,0.0017399787902832031,1.7399787902832031,574719
10000,0.018683910369873047,1.8683910369873047,535219
100000,0.18534612655639648,1.8534612655639648,539531
1000000,1.8010048866271973,1.8010048866271973,555245
