n,total seconds,nanoseconds/message,messages/second
10,7.390975952148438e-05,7.3909759521484375,135300
100,0.00045013427734375,4.5013427734375,222155
1000,0.0033617019653320312,3.3617019653320312,297468
10000,0.033737897872924805,3.3737897872924805,296402
100000,0.3595089912414551,3.595089912414551,278157
1000000,4.030281066894531,4.030281066894531,248121
