n,total seconds,nanoseconds/message,messages/second
10,1.9311904907226562e-05,1.9311904907226562,517815
100,0.00011014938354492188,1.1014938354492188,907858
1000,0.0011029243469238281,1.1029243469238281,906680
10000,0.011813879013061523,1.1813879013061523,846462
100000,0.11523914337158203,1.1523914337158203,867760
1000000,1.1384949684143066,1.1384949684143066,878352
