n,total seconds,nanoseconds/message,messages/second
10,0.00323486328125,323.486328125,3091
100,0.012658834457397461,126.58834457397461,7899
1000,0.10935616493225098,109.35616493225098,9144
10000,1.1242609024047852,112.42609024047852,8894
100000,9.733589887619019,97.33589887619019,10273
