n,total seconds,nanoseconds/message,messages/second
10,3.814697265625e-05,3.814697265625,262144
100,0.00043582916259765625,4.3582916259765625,229447
1000,0.003245830535888672,3.245830535888672,308087
10000,0.033361196517944336,3.3361196517944336,299749
100000,0.33899497985839844,3.3899497985839844,294989
1000000,3.1245670318603516,3.1245670318603516,320044
