n,total seconds,nanoseconds/message,messages/second
10,0.018615007400512695,1861.5007400512695,537
100,0.11278796195983887,1127.8796195983887,886
1000,1.0648560523986816,1064.8560523986816,939
10000,10.67436170578003,1067.436170578003,936
