n,total seconds,nanoseconds/message,messages/second
10,0.011104106903076172,1110.4106903076172,900
100,0.09773111343383789,977.3111343383789,1023
1000,0.9583392143249512,958.3392143249512,1043
10000,9.638544082641602,963.8544082641602,1037
