n,total seconds,nanoseconds/message,messages/second
10,4.792213439941406e-05,4.792213439941406,208671
100,0.0003838539123535156,3.8385391235351562,260515
1000,0.003040790557861328,3.040790557861328,328861
10000,0.03412985801696777,3.4129858016967773,292998
100000,0.3172760009765625,3.172760009765625,315182
1000000,3.147763967514038,3.147763967514038,317685
