n,total seconds,nanoseconds/message,messages/second
10,0.012608766555786133,1260.8766555786133,793
100,0.09734773635864258,973.4773635864258,1027
1000,0.9541301727294922,954.1301727294922,1048
10000,9.692545890808105,969.2545890808105,1031
