n,total seconds,nanoseconds/message,messages/second
10,0.014925003051757812,1492.5003051757812,670
100,0.11438369750976562,1143.8369750976562,874
1000,1.0623242855072021,1062.3242855072021,941
10000,10.491719007492065,1049.1719007492065,953
