n,total seconds,nanoseconds/message,messages/second
10,6.794929504394531e-05,6.794929504394531,147168
100,0.00039386749267578125,3.9386749267578125,253892
1000,0.0036649703979492188,3.6649703979492188,272853
10000,0.03726911544799805,3.7269115447998047,268318
100000,0.3731520175933838,3.731520175933838,267987
1000000,4.033522844314575,4.033522844314575,247922
