n,total seconds,nanoseconds/message,messages/second
10,0.012244939804077148,1224.4939804077148,816
100,0.09807801246643066,980.7801246643066,1019
1000,0.9633307456970215,963.3307456970215,1038
10000,9.872493267059326,987.2493267059326,1012
