n,total seconds,nanoseconds/message,messages/second
10,0.009299993515014648,929.9993515014648,1075
100,0.01580500602722168,158.0500602722168,6327
1000,0.1167917251586914,116.7917251586914,8562
10000,0.970660924911499,97.0660924911499,10302
100000,9.82373309135437,98.2373309135437,10179
