n,total seconds,nanoseconds/message,messages/second
10,5.316734313964844e-05,5.316734313964844,188085
100,0.00032901763916015625,3.2901763916015625,303935
1000,0.0032150745391845703,3.2150745391845703,311034
10000,0.0328218936920166,3.28218936920166,304674
100000,0.31705594062805176,3.1705594062805176,315401
1000000,3.145042896270752,3.145042896270752,317960
