n,total seconds,nanoseconds/message,messages/second
10,5.412101745605469e-05,5.412101745605469,184771
100,0.0004107952117919922,4.107952117919922,243430
1000,0.0033740997314453125,3.3740997314453125,296375
10000,0.03800392150878906,3.8003921508789062,263130
100000,0.3630368709564209,3.630368709564209,275454
1000000,3.8006699085235596,3.8006699085235596,263111
